[
	{"value" : "ar", "text": "العربية"},
	{"value" : "ca-es", "text": "Català"},
	{"value" : "cs", "text": "Čeština"},
	{"value" : "de", "text": "Deutsch"},
	{"value" : "en", "text": "English"},
	{"value" : "ko", "text": "한국어"},
	{"value" : "es", "text": "Español"},
	{"value" : "fr", "text": "Français"},
	{"value" : "hi", "text": "हिंदी"},
	{"value" : "hu", "text": "Magyar"},
	{"value" : "it", "text": "Italiano"},
	{"value" : "kn", "text": "ಕನ್ನಡ"},
	{"value" : "ml", "text": "മലയാളം"},
	{"value" : "nl", "text": "Nederlands"},
	{"value" : "oc", "text": "Occitan"},
	{"value" : "pl", "text": "Polski"},
	{"value" : "pt", "text": "Português - Brasil"},
	{"value" : "ru", "text": "Русский"},
	{"value" : "sv", "text": "Svenska"},
	{"value" : "tr", "text": "Türkçe"},
	{"value" : "ua", "text": "Українська"},
	{"value" : "vn", "text": "Tiếng việt"},
	{"value" : "zh-cn", "text": "简体中文"},
	{"value" : "zh-tw", "text": "正體中文"}
]
